--Categorie---
INSERT INTO categories (libelle)
VALUES ('Electronique'),
       ('Mode'),
       ('Maison & Jardin'),
       ('Sports & Loisirs'),
       ('Automobile');
---Commision 20---
INSERT INTO commisions (pourcentage, datechangement)
VALUES (0.05, '2021-01-01'),
       (0.15, '2021-03-01'),
       (0.10, '2021-02-01'),
       (0.20, '2021-04-01'),
       (0.25, '2021-05-01'),
       (0.30, '2021-06-01'),
       (0.35, '2021-07-01'),
       (0.40, '2021-08-01'),
       (0.45, '2021-09-01'),
       (0.50, '2021-10-01'),
       (0.55, '2021-11-01'),
       (0.60, '2021-12-01'),
       (0.65, '2022-01-01'),
       (0.70, '2022-02-01'),
       (0.75, '2022-03-01'),
       (0.80, '2022-04-01'),
       (0.85, '2022-05-01'),
       (0.90, '2022-06-01'),
       (0.95, '2022-07-01'),
       (1.00, '2022-08-01');

---Enchere 1---
INSERT INTO encheredurees (dureemin, dureemax, datechangement)
VALUES (2, 72, '2022-01-01 00:00:00');



INSERT INTO Genres (genre)
VALUES ('Homme'),
       ('Femme');


---produit categorie 1
INSERT INTO produits (nomproduit, idcategorie)
VALUES ('Smartphone', 1),
       ('Tablet', 1),
       ('Laptop', 1),
       ('Television', 1),
       ('Camera', 1),
       ('Smartwatch', 1),
       ('Speakers', 1);
---produit categorie 2
INSERT INTO produits (nomproduit, idcategorie)
VALUES ('Robe', 2),
       ('Chemise', 2),
       ('Pantalon', 2),
       ('Costume', 2),
       ('Chaussures', 2),
       ('Sac', 2),
       ('Montre', 2);

---produit categorie 3
INSERT INTO produits (nomproduit, idcategorie)
VALUES ('Lit', 3),
       ('Canapé', 3),
       ('Table', 3),
       ('Chaise', 3),
       ('Lampe', 3),
       ('Vase', 3),
       ('Tapis', 3);


---produits categorie 4
INSERT INTO produits (nomproduit, idcategorie)
VALUES ('Vélo', 4),
       ('Raquette de tennis', 4),
       ('Ballon de football', 4),
       ('Sac de golf', 4),
       ('Paddle', 4),
       ('Planche à voile', 4),
       ('Skateboard', 4);

---produits categorie 5
INSERT INTO produits (nomproduit, idcategorie)
VALUES ('Voiture', 5),
       ('Moto', 5),
       ('Camion', 5),
       ('Tracteur', 5),
       ('Remorque', 5),
       ('Scooter', 5),
       ('Vélo à assistance électrique', 5);


---Client 37----
INSERT INTO utilisateurs (nom, prenoms, idgenre, datenaissance, email, "password", montantsolde)
VALUES ('John', 'Doe', 1, '1990-01-01', 'johndoe@example.com', md5('password123'), 500),
       ('Jane', 'Smith', 2, '1992-02-01', 'janesmith@example.com', md5('password456'), 1000),
       ('Bob', 'Johnson', 1, '1994-03-01', 'bobjohnson@example.com', md5('password789'), 1500),
       ('Emily', 'Williams', 2, '1996-04-01', 'emilywilliams@example.com', md5('password101'), 2000),
       ('Michael', 'Brown', 1, '1998-05-01', 'michaelbrown@example.com', md5('password112'), 2500),
       ('Sarah', 'Miller', 2, '2000-06-01', 'sarahmiller@example.com', md5('password113'), 3000),
       ('David', 'Moore', 1, '2002-07-01', 'davidmoore@example.com', md5('password114'), 3500),
       ('Jessica', 'Anderson', 2, '2004-08-01', 'jessicaanderson@example.com', md5('password115'), 4000),
       ('Richard', 'Thomas', 1, '2006-09-01', 'richardthomas@example.com', md5('password116'), 4500),
       ('Ashley', 'Jackson', 2, '2008-10-01', 'ashleyjackson@example.com', md5('password117'), 5000),
       ('Matthew', 'White', 1, '2010-11-01', 'matthewwhite@example.com', md5('password118'), 5500),
       ('Olivia', 'Harris', 2, '2012-12-01', 'oliviaharris@example.com', md5('password119'), 6000),
       ('Joshua', 'Martin', 1, '2014-01-01', 'joshuamartin@example.com', md5('password120'), 6500),
       ('Nicholas', 'Thompson', 2, '2016-02-01', 'nicholathompson@example.com', md5('password121'), 7000),
       ('Emily', 'Garcia', 1, '2018-03-01', 'emilygarcia@example.com', md5('password122'), 7500),
       ('Jacob', 'Martinez', 2, '2020-04-01', 'jacobmartinez@example.com', md5('password123'), 8000),
       ('Michael', 'Robinson', 1, '2022-05-01', 'michaelrobinson@example.com', md5('password124'), 8500),
       ('Madison', 'Clark', 2, '2024-06-01', 'madisonclark@example.com', md5('password125'), 9000),
       ('Jacob', 'Rodriguez', 1, '2026-07-01', 'jacobrodriguez@example.com', md5('password126'), 9500),
       ('Emily', 'Lewis', 2, '2028-08-01', 'emilylewis@example.com', md5('password127'), 10000),
       ('Joshua', 'Walker', 1, '2030-09-01', 'joshuawalker@example.com', md5('password128'), 10500),
       ('Ashley', 'Hall', 2, '2032-10-01', 'ashleyhall@example.com', md5('password129'), 11000),
       ('Matthew', 'Allen', 1, '2034-11-01', 'matthewallen@example.com', md5('password130'), 11500),
       ('Nicholas', 'Young', 2, '2036-12-01', 'nicholasyoung@example.com', md5('password131'), 12000),
       ('Madison', 'Hernandez', 1, '2038-01-01', 'madisonhernandez@example.com', md5('password132'), 12500),
       ('Jacob', 'King', 2, '2040-02-01', 'jacobking@example.com', md5('password133'), 13000),
       ('Emily', 'Wright', 1, '2042-03-01', 'emilywright@example.com', md5('password134'), 13500),
       ('Joshua', 'Lopez', 2, '2044-04-01', 'joshualopez@example.com', md5('password135'), 14000),
       ('Ashley', 'Hill', 1, '2046-05-01', 'ashleyhill@example.com', md5('password136'), 14500),
       ('Matthew', 'Scott', 2, '2048-06-01', 'matthewscott@example.com', md5('password137'), 15000),
       ('Nicholas', 'Green', 1, '2050-07-01', 'nicholasgreen@example.com', md5('password138'), 15500),
       ('Madison', 'Adams', 2, '2052-08-01', 'madisonadams@example.com', md5('password139'), 16000),
       ('Jacob', 'Baker', 1, '2054-09-01', 'jacobbaker@example.com', md5('password140'), 16500),
       ('Emily', 'Gonzalez', 2, '2056-10-01', 'emilygonzalez@example.com', md5('password141'), 17000),
       ('Joshua', 'Nelson', 1, '2058-11-01', 'joshuanelson@example.com', md5('password142'), 17500),
       ('Ashley', 'Carter', 2, '2060-12-01', 'ashleycarter@example.com', md5('password143'), 18000),
       ('Matthew', 'Mitchell', 1, '2062-01-01', 'matthewmitchell@example.com', md5('password144'), 18500);

-----Admin 6--
INSERT INTO admins (nom, prenoms, idgenre, datenaissance, identifiant, "password")
VALUES ('Admin', 'Admin', 2, '1997-04-01', 'admin@gmail.com', md5('Admin')),
       ('John', 'Doe', 1, '1990-01-01', 'johndoe@gmail.com', md5('password1')),
       ('Jane', 'Smith', 2, '1992-02-01', 'janesmith@gmail.com', md5('password2')),
       ('Bob', 'Johnson', 1, '1995-03-01', 'bobjohnson@gmail.com', md5('password3')),
       ('Emily', 'Williams', 2, '1997-04-01', 'emilywilliams@gmail.com', md5('password4')),
       ('Michael', 'Jones', 1, '2000-05-01', 'michaeljones@gmail.com', md5('password5'));


------enchere 20----
INSERT INTO encheres (idutilisateur, idproduit, description, prix_min_enchere, duree, statut, dateEnchere)
VALUES (15, 1, 'Enchère pour un smartphone haut de gamme', 800, 7, false, '2022-01-01 12:09:00'),
       (23, 2, 'Enchère pour une tablette professionnelle', 600, 5, false, '2022-02-01 12:09:00'),
       (37, 3, 'Enchère pour un laptop gaming', 2000, 10, false, '2022-03-01 12:09:00'),
       (12, 4, 'Enchère pour une télévision OLED 4K', 1500, 7, false, '2022-04-01 12:09:00'),
       (34, 5, 'Enchère pour un appareil photo reflex professionnel', 1000, 7, false, '2022-05-01 12:09:00'),
       (29, 6, 'Enchère pour une smartwatch connectée', 300, 3, false, '2022-06-01 12:09:00'),
       (4, 7, 'Enchère pour des enceintes haute-fidélité', 500, 5, false, '2022-07-01 12:09:00'),
       (16, 8, 'Enchère pour une robe haute couture', 800, 7, false, '2022-08-01 12:09:00'),
       (22, 9, 'Enchère pour une chemise en lin', 200, 2, false, '2022-09-01 12:09:00'),
       (33, 10, 'Enchère pour un pantalon en cuir', 500, 5, false, '2022-10-01 12:09:00'),
       (1, 11, 'Enchère pour un costume sur mesure', 1000, 7, false, '2022-11-01 12:09:00'),
       (30, 12, 'Enchère pour des chaussures en cuir', 300, 3, false, '2022-12-01 12:09:00'),
       (6, 13, 'Enchère pour un sac à main en cuir', 500, 5, false, '2022-01-05 12:09:00'),
       (18, 14, 'Enchère pour une montre de luxe', 800, 7, false, '2023-01-01 12:09:00'),
       (31, 15, 'Enchère pour un lit design', 1000, 7, false, '2022-12-02 12:09:00'),
       (26, 16, 'Enchère pour un canapé en cuir', 800, 7, false, '2022-11-19 12:09:00'),
       (20, 17, 'Enchère pour une table en verre', 600, 5, false, '2022-08-14 12:09:00'),
       (8, 18, 'Enchère pour des chaises en bois massif', 400, 4, false, '2022-08-09 12:09:00'),
       (35, 19, 'Enchère pour une lampe de designer', 300, 3, false, '2022-10-30 12:09:00'),
       (11, 20, 'Enchère pour un vase en céramique', 200, 2, false, '2022-12-21 12:09:00');

insert into mises (idutilisateur, idenchere, montant, datemise)
values (21, 15, 134600, '2023-01-18'),
       (29, 4, 174800, '2023-01-15'),
       (27, 11, 98800, '2023-01-18'),
       (27, 2, 124600, '2023-01-17'),
       (6, 7, 300, '2023-01-17'),
       (29, 18, 109900, '2023-01-18'),
       (1, 2, 12900, '2023-01-16'),
       (22, 17, 157800, '2023-01-15'),
       (4, 6, 25400, '2023-01-17'),
       (37, 6, 54600, '2023-01-18'),
       (6, 7, 43200, '2023-01-17'),
       (5, 10, 95000, '2023-01-16'),
       (9, 1, 21900, '2023-01-16'),
       (29, 8, 179400, '2023-01-16'),
       (4, 8, 175600, '2023-01-17'),
       (32, 4, 199700, '2023-01-16'),
       (34, 14, 35800, '2023-01-16'),
       (34, 7, 16800, '2023-01-18'),
       (7, 11, 26900, '2023-01-16'),
       (26, 17, 84100, '2023-01-15'),
       (22, 13, 52100, '2023-01-18'),
       (14, 15, 92300, '2023-01-16'),
       (10, 14, 35700, '2023-01-16'),
       (20, 19, 169200, '2023-01-16'),
       (22, 4, 102000, '2023-01-17'),
       (10, 3, 118600, '2023-01-15'),
       (20, 18, 83200, '2023-01-15'),
       (7, 18, 147800, '2023-01-16'),
       (4, 14, 7400, '2023-01-16'),
       (8, 20, 162100, '2023-01-17'),
       (27, 12, 88500, '2023-01-17'),
       (31, 13, 15700, '2023-01-17'),
       (4, 13, 178100, '2023-01-18'),
       (23, 7, 172300, '2023-01-18'),
       (23, 19, 26200, '2023-01-17'),
       (18, 7, 129800, '2023-01-17'),
       (29, 9, 14100, '2023-01-15'),
       (9, 13, 138400, '2023-01-17'),
       (21, 5, 68200, '2023-01-15'),
       (16, 20, 110400, '2023-01-15'),
       (31, 9, 1300, '2023-01-16'),
       (8, 9, 151400, '2023-01-15'),
       (4, 14, 111500, '2023-01-16'),
       (33, 1, 130000, '2023-01-17'),
       (7, 19, 97600, '2023-01-15'),
       (20, 17, 11600, '2023-01-17'),
       (14, 2, 26400, '2023-01-16'),
       (2, 20, 190100, '2023-01-15'),
       (10, 1, 46000, '2023-01-18'),
       (9, 11, 177600, '2023-01-18'),
       (27, 9, 75500, '2023-01-15'),
       (19, 17, 165000, '2023-01-17'),
       (27, 8, 115400, '2023-01-18'),
       (8, 11, 11800, '2023-01-18'),
       (22, 16, 28900, '2023-01-18'),
       (22, 5, 102900, '2023-01-15'),
       (25, 13, 125100, '2023-01-15'),
       (7, 8, 157900, '2023-01-18'),
       (26, 18, 178500, '2023-01-16'),
       (14, 4, 86500, '2023-01-15'),
       (12, 1, 17900, '2023-01-17'),
       (13, 4, 194500, '2023-01-17'),
       (25, 12, 70000, '2023-01-18'),
       (29, 2, 136100, '2023-01-16'),
       (25, 8, 110500, '2023-01-18'),
       (16, 11, 178200, '2023-01-17'),
       (19, 5, 88400, '2023-01-18'),
       (10, 16, 180100, '2023-01-15'),
       (13, 20, 47400, '2023-01-18'),
       (33, 17, 58500, '2023-01-16'),
       (32, 11, 97800, '2023-01-15'),
       (32, 7, 33900, '2023-01-15'),
       (5, 7, 20500, '2023-01-17'),
       (28, 12, 137500, '2023-01-17'),
       (3, 19, 199600, '2023-01-17'),
       (29, 17, 145600, '2023-01-15'),
       (16, 13, 4400, '2023-01-17'),
       (37, 20, 42200, '2023-01-18'),
       (30, 1, 65000, '2023-01-16'),
       (22, 18, 176200, '2023-01-18'),
       (17, 20, 113200, '2023-01-17'),
       (3, 11, 30700, '2023-01-17'),
       (12, 11, 182100, '2023-01-17'),
       (16, 16, 86800, '2023-01-17'),
       (32, 13, 21900, '2023-01-18'),
       (7, 2, 74700, '2023-01-18'),
       (23, 18, 6900, '2023-01-18'),
       (11, 14, 85600, '2023-01-17'),
       (24, 13, 35100, '2023-01-17'),
       (25, 14, 1100, '2023-01-17'),
       (20, 18, 106000, '2023-01-17'),
       (10, 4, 38000, '2023-01-15'),
       (34, 12, 180100, '2023-01-18'),
       (26, 3, 44800, '2023-01-18'),
       (23, 19, 53000, '2023-01-18'),
       (5, 1, 195100, '2023-01-15'),
       (31, 20, 63100, '2023-01-18'),
       (24, 10, 52400, '2023-01-18'),
       (25, 8, 77500, '2023-01-17'),
       (36, 11, 145600, '2023-01-17'),
       (6, 12, 27600, '2023-01-18'),
       (29, 1, 73700, '2023-01-16'),
       (20, 16, 142100, '2023-01-18'),
       (30, 12, 34200, '2023-01-17'),
       (3, 14, 117900, '2023-01-15'),
       (24, 11, 101200, '2023-01-16'),
       (6, 5, 67600, '2023-01-16'),
       (10, 1, 128900, '2023-01-18'),
       (24, 2, 109200, '2023-01-17'),
       (7, 13, 37600, '2023-01-15'),
       (6, 20, 60100, '2023-01-18'),
       (1, 3, 26900, '2023-01-15'),
       (29, 8, 82700, '2023-01-17'),
       (12, 4, 103100, '2023-01-17'),
       (24, 9, 53100, '2023-01-15'),
       (34, 12, 125800, '2023-01-17'),
       (26, 5, 138600, '2023-01-18'),
       (27, 1, 125000, '2023-01-16'),
       (22, 17, 6000, '2023-01-18'),
       (9, 4, 139400, '2023-01-17'),
       (5, 10, 87200, '2023-01-18'),
       (36, 6, 180800, '2023-01-18'),
       (37, 9, 7600, '2023-01-17'),
       (27, 13, 30000, '2023-01-17'),
       (33, 5, 185100, '2023-01-16'),
       (14, 10, 47700, '2023-01-16'),
       (5, 20, 38600, '2023-01-15'),
       (23, 5, 84800, '2023-01-15'),
       (18, 18, 129400, '2023-01-16'),
       (31, 2, 57100, '2023-01-17'),
       (22, 9, 178000, '2023-01-18'),
       (2, 15, 20800, '2023-01-18'),
       (11, 20, 34500, '2023-01-18'),
       (18, 5, 158900, '2023-01-15'),
       (27, 11, 93000, '2023-01-16'),
       (13, 15, 40400, '2023-01-16'),
       (33, 19, 191300, '2023-01-15'),
       (7, 16, 195900, '2023-01-16'),
       (12, 3, 126800, '2023-01-15'),
       (2, 15, 75200, '2023-01-16'),
       (34, 7, 59100, '2023-01-15'),
       (8, 16, 160900, '2023-01-16'),
       (37, 19, 106100, '2023-01-18'),
       (7, 5, 70100, '2023-01-17'),
       (4, 17, 49900, '2023-01-15'),
       (37, 16, 117600, '2023-01-15'),
       (35, 4, 171300, '2023-01-18'),
       (20, 17, 12000, '2023-01-15'),
       (16, 15, 21700, '2023-01-17'),
       (24, 3, 115800, '2023-01-17'),
       (23, 3, 65100, '2023-01-18'),
       (9, 2, 33400, '2023-01-18'),
       (20, 4, 190200, '2023-01-16'),
       (32, 10, 64200, '2023-01-16'),
       (8, 12, 2300, '2023-01-15'),
       (16, 16, 91000, '2023-01-16'),
       (7, 19, 138900, '2023-01-15'),
       (24, 1, 103900, '2023-01-16'),
       (18, 4, 186700, '2023-01-18'),
       (25, 10, 17500, '2023-01-15'),
       (8, 16, 133600, '2023-01-17'),
       (37, 14, 109700, '2023-01-15'),
       (1, 5, 78500, '2023-01-18'),
       (14, 20, 189900, '2023-01-16'),
       (19, 20, 62000, '2023-01-17'),
       (5, 6, 172700, '2023-01-15'),
       (32, 20, 110700, '2023-01-16'),
       (29, 1, 28900, '2023-01-17'),
       (7, 19, 87800, '2023-01-18'),
       (12, 9, 103800, '2023-01-18'),
       (11, 14, 105700, '2023-01-15'),
       (2, 11, 70200, '2023-01-17'),
       (37, 11, 96300, '2023-01-16'),
       (3, 7, 3100, '2023-01-16'),
       (6, 13, 39900, '2023-01-15'),
       (5, 7, 198800, '2023-01-15'),
       (36, 9, 71000, '2023-01-18'),
       (17, 17, 105100, '2023-01-17'),
       (2, 11, 155400, '2023-01-18'),
       (35, 19, 70900, '2023-01-18'),
       (12, 13, 114200, '2023-01-16'),
       (27, 9, 20100, '2023-01-15'),
       (12, 7, 5700, '2023-01-17'),
       (10, 3, 52600, '2023-01-18'),
       (20, 15, 121900, '2023-01-16'),
       (35, 19, 80300, '2023-01-16'),
       (28, 10, 65600, '2023-01-15'),
       (28, 20, 59000, '2023-01-15'),
       (35, 13, 24500, '2023-01-18'),
       (25, 8, 70600, '2023-01-18'),
       (23, 4, 88500, '2023-01-15'),
       (22, 14, 22800, '2023-01-16'),
       (34, 3, 165700, '2023-01-15'),
       (2, 15, 170700, '2023-01-17'),
       (5, 2, 103400, '2023-01-16'),
       (33, 18, 86200, '2023-01-18'),
       (25, 1, 102200, '2023-01-15'),
       (25, 7, 76200, '2023-01-17'),
       (36, 12, 156600, '2023-01-17'),
       (9, 15, 184600, '2023-01-17');


--gagnat 20 ---
INSERT INTO gagnants (idenchere, idutilisateur, montant)
VALUES (1, 1, 1000),
       (2, 2, 800),
       (3, 3, 600),
       (4, 4, 400),
       (5, 5, 200),
       (6, 6, 1000),
       (7, 7, 800),
       (8, 8, 600),
       (9, 9, 400),
       (10, 10, 200),
       (11, 11, 1000),
       (12, 12, 800),
       (13, 13, 600),
       (14, 14, 400),
       (15, 15, 200),
       (16, 16, 1000),
       (17, 17, 800),
       (18, 18, 600),
       (19, 19, 400),
       (20, 20, 200);

---solde 37---   
INSERT INTO soldes (idutilisateur, montant, datedepot)
VALUES (1, 500, '2021-01-01 10:00:00'),
       (2, 400, '2021-01-02 12:00:00'),
       (3, 300, '2021-01-03 14:00:00'),
       (4, 200, '2021-01-04 16:00:00'),
       (5, 100, '2021-01-05 18:00:00'),
       (6, 500, '2021-01-06 10:00:00'),
       (7, 400, '2021-01-07 12:00:00'),
       (8, 300, '2021-01-08 14:00:00'),
       (9, 200, '2021-01-09 16:00:00'),
       (10, 100, '2021-01-10 18:00:00'),
       (11, 500, '2021-01-11 10:00:00'),
       (12, 400, '2021-01-12 12:00:00'),
       (13, 300, '2021-01-13 14:00:00'),
       (14, 200, '2021-01-14 16:00:00'),
       (15, 100, '2021-01-15 18:00:00'),
       (16, 500, '2021-01-16 10:00:00'),
       (17, 400, '2021-01-17 12:00:00'),
       (18, 300, '2021-01-18 14:00:00'),
       (19, 200, '2021-01-19 16:00:00'),
       (20, 100, '2021-01-20 18:00:00'),
       (21, 500, '2021-01-21 10:00:00'),
       (22, 400, '2021-01-22 12:00:00'),
       (23, 300, '2021-01-23 14:00:00'),
       (24, 200, '2021-01-24 16:00:00'),
       (25, 100, '2021-01-25 18:00:00'),
       (26, 500, '2021-01-26 10:00:00'),
       (27, 400, '2021-01-27 12:00:00'),
       (28, 300, '2021-01-28 14:00:00'),
       (29, 200, '2021-01-29 16:00:00'),
       (30, 100, '2021-01-30 18:00:00'),
       (31, 500, '2021-01-31 10:00:00'),
       (32, 400, '2021-02-01 12:00:00'),
       (33, 300, '2021-02-02 14:00:00'),
       (34, 200, '2021-02-03 16:00:00'),
       (35, 100, '2021-02-04 18:00:00'),
       (36, 500, '2021-02-05 10:00:00'),
       (37, 400, '2021-02-06 12:00:00');

INSERT INTO ValiditeToken(DureeValidite)
VALUES (3600);